1,2021/9/22 15:00,->,2021/9/22 14:50,13
2,2021/9/24 16:20,->,2021/9/21 16:10,3
3,2021/9/21 16:10,->,2021/9/24 15:40,5
4,2021/9/22 15:20,->,2021/9/22 16:40,10
5,2021/9/24 15:40,->,2021/9/24 16:20,2
6,2021/9/21 15:00,->,2021/9/21 15:30,14
7,2021/9/24 15:30,->,2021/9/21 16:00,16
8,2021/9/22 16:50,->,2021/9/24 15:30,12
9,2021/9/24 15:40,->,2021/9/22 15:00,1
10,2021/9/22 16:40,->,2021/9/24 15:40,9
11,2021/9/22 15:00,->,2021/9/22 15:30,17
12,2021/9/24 15:30,->,2021/9/21 15:00,6
13,2021/9/22 14:50,->,2021/9/22 15:20,4
14,2021/9/21 15:30,->,2021/9/22 15:00,15
15,2021/9/22 15:00,->,2021/9/22 16:50,8
16,2021/9/21 16:00,->,2021/9/24 15:30,7
17,2021/9/22 15:30,->,2021/9/21 15:40,29
18,2021/9/21 15:20,->,2021/9/22 16:10,19
19,2021/9/22 16:10,->,2021/9/21 15:20,18
20,2021/9/24 16:40,->,2021/9/21 16:50,22
21,2021/9/22 15:20,->,2021/9/21 16:40,33
22,2021/9/21 16:50,->,2021/9/24 16:40,20
23,2021/9/24 16:00,->,2021/9/21 16:50,27
24,2021/9/21 16:00,->,2021/9/21 16:10,41
25,2021/9/21 14:20,->,2021/9/22 14:10,30
26,2021/9/21 15:00,->,2021/9/21 14:20,25
27,2021/9/21 16:50,->,2021/9/24 16:00,23
28,2021/9/22 15:20,->,2021/9/22 16:50,57
29,2021/9/21 15:40,->,2021/9/22 15:00,11
30,2021/9/22 14:10,->,2021/9/21 15:00,26
31,2021/9/22 15:30,->,2021/9/22 15:20,28
32,2021/9/24 14:20,->,2021/9/22 15:50,34
33,2021/9/21 16:40,->,2021/9/22 15:20,21
34,2021/9/22 15:50,->,2021/9/22 16:10,38
35,2021/9/24 14:10,->,2021/9/24 15:30,36
36,2021/9/24 15:30,->,2021/9/24 14:10,35
37,2021/9/21 15:20,->,2021/9/22 14:10,48
38,2021/9/22 16:10,->,2021/9/24 14:20,32
39,2021/9/24 15:30,->,2021/9/21 16:00,43
40,2021/9/24 14:00,->,2021/9/22 15:50,54
41,2021/9/21 16:10,->,2021/9/24 14:40,45
42,2021/9/22 15:30,->,2021/9/22 14:00,55
43,2021/9/21 16:00,->,2021/9/24 15:30,39
44,2021/9/24 16:50,->,2021/9/21 14:30,50
45,2021/9/24 14:40,->,2021/9/21 16:00,24
46,2021/9/24 14:50,->,2021/9/21 14:50,51
47,2021/9/22 16:00,->,2021/9/21 14:00,52
48,2021/9/22 14:10,->,2021/9/22 15:10,53
49,2021/9/22 15:20,->,2021/9/24 15:10,58
50,2021/9/21 14:30,->,2021/9/22 15:30,31
51,2021/9/21 14:50,->,2021/9/24 14:50,46
52,2021/9/21 14:00,->,2021/9/22 16:00,47
53,2021/9/22 15:10,->,2021/9/21 15:20,37
54,2021/9/22 15:50,->,2021/9/22 16:40,56
55,2021/9/22 14:00,->,2021/9/24 14:00,40
56,2021/9/22 16:40,->,2021/9/22 15:30,42
57,2021/9/22 16:50,->,2021/9/24 16:50,44
58,2021/9/24 15:10,->,2021/9/22 14:00,59
59,2021/9/22 14:00,->,2021/9/22 14:10,61
60,2021/9/22 15:20,->,2021/9/22 14:40,65
61,2021/9/22 14:10,->,2021/9/21 15:10,64
62,2021/9/22 14:40,->,2021/9/24 16:30,63
63,2021/9/24 16:30,->,2021/9/22 14:40,62
64,2021/9/21 15:10,->,2021/9/22 15:20,49
65,2021/9/22 14:40,->,2021/9/24 14:40,67
66,2021/9/22 15:00,->,2021/9/21 14:00,76
67,2021/9/24 14:40,->,2021/9/22 14:20,75
68,2021/9/21 14:40,->,2021/9/24 14:30,74
69,2021/9/24 14:40,->,2021/9/24 16:40,72
70,2021/9/21 14:30,->,2021/9/24 14:40,69
71,2021/9/22 15:00,->,2021/9/24 14:20,79
72,2021/9/24 16:40,->,2021/9/22 14:10,83
73,2021/9/24 16:30,->,2021/9/22 14:00,89
74,2021/9/24 14:30,->,2021/9/21 14:40,68
75,2021/9/22 14:20,->,2021/9/22 15:20,60
76,2021/9/21 14:00,->,2021/9/22 15:00,66
77,2021/9/22 15:20,->,2021/9/21 15:40,78
78,2021/9/21 15:40,->,2021/9/22 16:40,81
79,2021/9/24 14:20,->,2021/9/24 14:30,88
80,2021/9/21 14:20,->,2021/9/21 16:30,94
81,2021/9/22 16:40,->,2021/9/22 15:20,77
82,2021/9/22 16:20,->,2021/9/21 14:20,80
83,2021/9/22 14:10,->,2021/9/21 14:30,70
84,2021/9/21 16:50,->,2021/9/22 15:20,91
85,2021/9/24 15:00,->,2021/9/22 14:10,119
86,2021/9/21 15:20,->,2021/9/22 14:50,99
87,2021/9/21 15:20,->,2021/9/21 16:00,92
88,2021/9/24 14:30,->,2021/9/22 16:20,82
89,2021/9/22 14:00,->,2021/9/21 14:00,95
90,2021/9/22 16:30,->,2021/9/21 16:50,84
91,2021/9/22 15:20,->,2021/9/22 16:30,90
92,2021/9/21 16:00,->,2021/9/21 14:40,104
93,2021/9/22 15:20,->,2021/9/21 16:40,96
94,2021/9/21 16:30,->,2021/9/22 15:00,71
95,2021/9/21 14:00,->,2021/9/24 15:00,85
96,2021/9/21 16:40,->,2021/9/22 15:20,93
97,2021/9/24 16:00,->,2021/9/22 16:30,98
98,2021/9/22 16:30,->,2021/9/21 15:20,110
99,2021/9/22 14:50,->,2021/9/21 15:20,86
100,2021/9/22 14:50,->,2021/9/24 16:00,97
101,2021/9/21 16:30,->,2021/9/21 15:20,87
102,2021/9/24 15:00,->,2021/9/24 15:50,120
103,2021/9/21 14:40,->,2021/9/24 16:30,73
104,2021/9/21 14:40,->,2021/9/21 16:30,101
105,2021/9/24 14:10,->,2021/9/22 16:30,125
106,2021/9/24 15:10,->,2021/9/21 15:30,108
107,2021/9/24 16:10,->,2021/9/24 14:50,112
108,2021/9/21 15:30,->,2021/9/24 15:10,106
109,2021/9/22 16:20,->,2021/9/24 16:30,116
110,2021/9/21 15:20,->,2021/9/22 14:50,100
111,2021/9/22 16:10,->,2021/9/24 14:20,121
112,2021/9/24 14:50,->,2021/9/24 16:10,107
113,2021/9/22 15:10,->,2021/9/21 14:30,126
114,2021/9/21 15:00,->,2021/9/24 15:30,122
115,2021/9/24 15:20,->,2021/9/21 15:20,127
116,2021/9/24 16:30,->,2021/9/22 15:30,128
117,2021/9/21 15:10,->,2021/9/24 14:40,144
118,2021/9/22 16:20,->,2021/9/24 15:20,115
119,2021/9/22 14:10,->,2021/9/21 14:40,103
120,2021/9/24 15:50,->,2021/9/24 15:00,102
121,2021/9/24 14:20,->,2021/9/22 16:10,111
122,2021/9/24 15:30,->,2021/9/21 14:00,138
123,2021/9/24 16:50,->,2021/9/24 15:30,152
124,2021/9/24 14:20,->,2021/9/24 16:50,123
125,2021/9/22 16:30,->,2021/9/24 14:10,105
126,2021/9/21 14:30,->,2021/9/21 15:10,117
127,2021/9/21 15:20,->,2021/9/22 16:20,118
128,2021/9/22 15:30,->,2021/9/22 16:20,109
129,2021/9/22 16:50,->,2021/9/22 15:10,132
130,2021/9/21 15:50,->,2021/9/24 14:00,139
131,2021/9/24 16:10,->,2021/9/22 14:20,134
132,2021/9/22 15:10,->,2021/9/22 14:30,166
133,2021/9/24 16:00,->,2021/9/24 16:10,131
134,2021/9/22 14:20,->,2021/9/21 14:10,147
135,2021/9/21 14:10,->,2021/9/21 15:50,130
136,2021/9/21 15:00,->,2021/9/24 16:00,133
137,2021/9/22 14:50,->,2021/9/24 16:20,141
138,2021/9/21 14:00,->,2021/9/21 15:00,114
139,2021/9/24 14:00,->,2021/9/21 14:10,135
140,2021/9/21 14:20,->,2021/9/22 16:20,150
141,2021/9/24 16:20,->,2021/9/21 15:20,151
142,2021/9/21 16:00,->,2021/9/22 15:30,161
143,2021/9/21 15:20,->,2021/9/21 15:00,160
144,2021/9/24 14:40,->,2021/9/22 15:10,113
145,2021/9/21 16:30,->,2021/9/24 15:40,148
146,2021/9/24 14:00,->,2021/9/21 16:20,156
147,2021/9/21 14:10,->,2021/9/21 15:00,136
148,2021/9/24 15:40,->,2021/9/21 16:30,145
149,2021/9/24 16:50,->,2021/9/21 14:40,159
150,2021/9/22 16:20,->,2021/9/21 14:20,140
151,2021/9/21 15:20,->,2021/9/22 14:50,137
152,2021/9/24 15:30,->,2021/9/24 14:20,124
153,2021/9/22 16:00,->,2021/9/21 16:00,142
154,2021/9/24 15:00,->,2021/9/24 15:50,155
155,2021/9/24 15:50,->,2021/9/22 15:10,157
156,2021/9/21 16:20,->,2021/9/24 16:40,158
157,2021/9/22 15:10,->,2021/9/21 14:30,183
158,2021/9/24 16:40,->,2021/9/21 16:50,163
159,2021/9/21 14:40,->,2021/9/24 16:50,149
160,2021/9/21 15:00,->,2021/9/21 15:20,143
161,2021/9/22 15:30,->,2021/9/22 16:00,153
162,2021/9/24 15:10,->,2021/9/22 15:10,173
163,2021/9/21 16:50,->,2021/9/24 15:40,172
164,2021/9/21 16:20,->,2021/9/21 16:30,170
165,2021/9/24 15:50,->,2021/9/22 16:20,175
166,2021/9/22 14:30,->,2021/9/22 16:50,129
167,2021/9/21 14:40,->,2021/9/21 14:00,168
168,2021/9/21 14:00,->,2021/9/21 15:20,209
169,2021/9/24 14:00,->,2021/9/24 15:10,162
170,2021/9/21 16:30,->,2021/9/24 14:30,174
171,2021/9/24 14:20,->,2021/9/21 16:10,177
172,2021/9/24 15:40,->,2021/9/24 14:00,146
173,2021/9/22 15:10,->,2021/9/24 14:00,169
174,2021/9/24 14:30,->,2021/9/24 15:50,165
175,2021/9/22 16:20,->,2021/9/21 16:20,164
176,2021/9/22 15:40,->,2021/9/21 14:40,167
177,2021/9/21 16:10,->,2021/9/24 14:40,178
178,2021/9/24 14:40,->,2021/9/22 15:10,179
179,2021/9/22 15:10,->,2021/9/24 14:20,171
180,2021/9/21 16:40,->,2021/9/24 16:20,194
181,2021/9/22 14:00,->,2021/9/24 16:50,184
182,2021/9/21 16:40,->,2021/9/21 14:50,188
183,2021/9/21 14:30,->,2021/9/24 15:00,154
184,2021/9/24 16:50,->,2021/9/22 14:00,181
185,2021/9/22 16:40,->,2021/9/24 16:20,186
186,2021/9/24 16:20,->,2021/9/22 16:40,185
187,2021/9/21 16:40,->,2021/9/21 14:50,190
188,2021/9/21 14:50,->,2021/9/24 16:10,201
189,2021/9/24 16:30,->,2021/9/22 14:50,196
190,2021/9/21 14:50,->,2021/9/21 16:40,187
191,2021/9/22 15:00,->,2021/9/21 15:50,217
192,2021/9/22 15:00,->,2021/9/22 14:00,195
193,2021/9/22 16:30,->,2021/9/24 16:10,205
194,2021/9/24 16:20,->,2021/9/21 16:40,180
195,2021/9/22 14:00,->,2021/9/21 14:00,200
196,2021/9/22 14:50,->,2021/9/24 16:30,189
197,2021/9/21 16:00,->,2021/9/22 15:40,210
198,2021/9/21 16:40,->,2021/9/22 16:30,193
199,2021/9/21 15:30,->,2021/9/21 16:40,182
200,2021/9/21 14:00,->,2021/9/22 15:00,192
201,2021/9/24 16:10,->,2021/9/21 15:30,199
202,2021/9/24 16:30,->,2021/9/21 16:40,207
203,2021/9/21 16:00,->,2021/9/22 16:30,208
204,2021/9/24 16:40,->,2021/9/22 15:00,191
205,2021/9/24 16:10,->,2021/9/21 15:10,213
206,2021/9/22 14:40,->,2021/9/21 14:50,215
207,2021/9/21 16:40,->,2021/9/24 16:30,202
208,2021/9/22 16:30,->,2021/9/22 14:10,212
209,2021/9/21 15:20,->,2021/9/22 15:40,176
210,2021/9/22 15:40,->,2021/9/24 15:10,219
211,2021/9/22 14:20,->,2021/9/21 16:40,198
212,2021/9/22 14:10,->,2021/9/21 16:00,203
213,2021/9/21 15:10,->,2021/9/22 14:20,211
214,2021/9/24 16:10,->,2021/9/21 14:20,229
215,2021/9/21 14:50,->,2021/9/22 14:40,206
216,2021/9/21 14:20,->,2021/9/24 16:00,223
217,2021/9/21 15:50,->,2021/9/24 16:40,204
218,2021/9/24 15:30,->,2021/9/21 15:20,220
219,2021/9/24 15:10,->,2021/9/21 16:00,197
220,2021/9/21 15:20,->,2021/9/21 14:30,232
221,2021/9/22 14:20,->,2021/9/24 15:40,225
222,2021/9/22 14:00,->,2021/9/24 16:00,230
223,2021/9/24 16:00,->,2021/9/24 15:30,218
224,2021/9/21 16:50,->,2021/9/22 16:00,228
225,2021/9/24 15:40,->,2021/9/24 16:50,233
226,2021/9/24 15:30,->,2021/9/22 14:20,221
227,2021/9/24 16:20,->,2021/9/24 15:00,235
228,2021/9/22 16:00,->,2021/9/21 16:00,245
229,2021/9/21 14:20,->,2021/9/24 16:50,236
230,2021/9/24 16:00,->,2021/9/24 16:20,227
231,2021/9/22 16:20,->,2021/9/24 16:10,214
232,2021/9/21 14:30,->,2021/9/21 14:20,216
233,2021/9/24 16:50,->,2021/9/24 15:50,239
234,2021/9/22 14:20,->,2021/9/21 16:30,258
235,2021/9/24 15:00,->,2021/9/24 15:30,226
236,2021/9/24 16:50,->,2021/9/21 14:10,238
237,2021/9/22 14:30,->,2021/9/21 15:20,250
238,2021/9/21 14:10,->,2021/9/22 16:20,231
239,2021/9/24 15:50,->,2021/9/22 14:00,222
240,2021/9/21 14:10,->,2021/9/22 15:10,298
241,2021/9/22 16:30,->,2021/9/22 16:50,249
242,2021/9/21 14:50,->,2021/9/22 16:20,246
243,2021/9/24 15:20,->,2021/9/24 15:50,247
244,2021/9/21 15:00,->,2021/9/24 15:20,243
245,2021/9/21 16:00,->,2021/9/21 16:50,224
246,2021/9/22 16:20,->,2021/9/21 14:50,242
247,2021/9/24 15:50,->,2021/9/22 14:20,234
248,2021/9/24 16:30,->,2021/9/24 14:50,256
249,2021/9/22 16:50,->,2021/9/22 16:30,241
250,2021/9/21 15:20,->,2021/9/22 15:40,255
251,2021/9/22 15:50,->,2021/9/22 14:30,237
252,2021/9/21 14:40,->,2021/9/22 15:20,265
253,2021/9/21 14:40,->,2021/9/22 16:50,262
254,2021/9/21 16:40,->,2021/9/21 14:40,252
255,2021/9/22 15:40,->,2021/9/22 15:50,251
256,2021/9/24 14:50,->,2021/9/24 16:30,248
257,2021/9/21 14:40,->,2021/9/21 16:20,292
258,2021/9/21 16:30,->,2021/9/21 15:00,244
259,2021/9/22 14:40,->,2021/9/22 16:40,261
260,2021/9/22 16:20,->,2021/9/21 15:30,268
261,2021/9/22 16:40,->,2021/9/22 15:50,267
262,2021/9/22 16:50,->,2021/9/21 14:40,253
263,2021/9/21 14:10,->,2021/9/24 15:40,269
264,2021/9/21 16:20,->,2021/9/21 14:30,266
265,2021/9/22 15:20,->,2021/9/21 16:40,254
266,2021/9/21 14:30,->,2021/9/22 15:00,271
267,2021/9/22 15:50,->,2021/9/22 14:40,259
268,2021/9/21 15:30,->,2021/9/21 14:10,240
269,2021/9/24 15:40,->,2021/9/21 15:40,289
270,2021/9/22 15:50,->,2021/9/22 15:40,293
271,2021/9/22 15:00,->,2021/9/21 14:50,272
272,2021/9/21 14:50,->,2021/9/21 16:20,264
273,2021/9/22 15:20,->,2021/9/21 14:10,263
274,2021/9/21 15:20,->,2021/9/24 15:20,278
275,2021/9/21 14:30,->,2021/9/24 14:20,286
276,2021/9/21 14:40,->,2021/9/24 15:50,303
277,2021/9/24 14:20,->,2021/9/22 15:20,273
278,2021/9/24 15:20,->,2021/9/21 15:20,274
279,2021/9/21 16:00,->,2021/9/22 15:50,294
280,2021/9/22 16:10,->,2021/9/22 14:50,284
281,2021/9/24 14:50,->,2021/9/24 15:50,282
282,2021/9/24 15:50,->,2021/9/24 14:50,281
283,2021/9/21 14:30,->,2021/9/21 16:40,301
284,2021/9/22 14:50,->,2021/9/21 14:20,331
285,2021/9/22 15:20,->,2021/9/21 16:10,287
286,2021/9/24 14:20,->,2021/9/21 14:30,275
287,2021/9/21 16:10,->,2021/9/22 15:20,285
288,2021/9/24 14:40,->,2021/9/21 14:50,290
289,2021/9/21 15:40,->,2021/9/22 15:50,270
290,2021/9/21 14:50,->,2021/9/24 14:40,288
291,2021/9/21 16:00,->,2021/9/22 15:50,307
292,2021/9/21 16:20,->,2021/9/21 14:40,257
293,2021/9/22 15:40,->,2021/9/24 14:20,277
294,2021/9/22 15:50,->,2021/9/21 16:00,279
295,2021/9/22 16:20,->,2021/9/21 14:30,283
296,2021/9/22 16:10,->,2021/9/21 16:10,299
297,2021/9/24 16:00,->,2021/9/21 15:40,309
298,2021/9/22 15:10,->,2021/9/22 16:20,260
299,2021/9/21 16:10,->,2021/9/21 15:30,304
300,2021/9/21 15:10,->,2021/9/21 15:40,311
301,2021/9/21 16:40,->,2021/9/22 16:20,295
302,2021/9/21 15:10,->,2021/9/22 15:00,308
303,2021/9/24 15:50,->,2021/9/22 16:00,305
304,2021/9/21 15:30,->,2021/9/24 15:40,316
305,2021/9/22 16:00,->,2021/9/21 14:40,276
306,2021/9/21 16:20,->,2021/9/24 14:00,313
307,2021/9/22 15:50,->,2021/9/21 16:00,291
308,2021/9/22 15:00,->,2021/9/24 14:30,312
309,2021/9/21 15:40,->,2021/9/24 16:00,297
310,2021/9/21 14:30,->,2021/9/21 15:30,314
311,2021/9/21 15:40,->,2021/9/21 16:40,337
312,2021/9/24 14:30,->,2021/9/21 15:10,302
313,2021/9/24 14:00,->,2021/9/21 15:10,300
314,2021/9/21 15:30,->,2021/9/22 15:00,322
315,2021/9/22 16:30,->,2021/9/21 14:40,326
316,2021/9/24 15:40,->,2021/9/22 16:10,296
317,2021/9/24 15:10,->,2021/9/21 15:30,319
318,2021/9/24 14:50,->,2021/9/22 16:30,315
319,2021/9/21 15:30,->,2021/9/24 14:30,340
320,2021/9/24 15:10,->,2021/9/24 15:20,325
321,2021/9/24 16:10,->,2021/9/21 15:50,330
322,2021/9/22 15:00,->,2021/9/21 14:30,310
323,2021/9/24 14:00,->,2021/9/21 16:20,346
324,2021/9/21 14:00,->,2021/9/24 15:20,332
325,2021/9/24 15:20,->,2021/9/24 16:20,342
326,2021/9/21 14:40,->,2021/9/24 14:50,318
327,2021/9/24 16:00,->,2021/9/24 16:10,321
328,2021/9/24 15:40,->,2021/9/21 14:00,324
329,2021/9/22 16:30,->,2021/9/24 15:40,328
330,2021/9/21 15:50,->,2021/9/24 15:10,317
331,2021/9/21 14:20,->,2021/9/22 16:10,280
332,2021/9/24 15:20,->,2021/9/22 16:30,329
333,2021/9/21 16:30,->,2021/9/21 15:00,334
334,2021/9/21 15:00,->,2021/9/21 16:30,333
335,2021/9/21 14:00,->,2021/9/22 16:40,336
336,2021/9/22 16:40,->,2021/9/21 14:00,335
337,2021/9/21 16:40,->,2021/9/21 16:20,306
338,2021/9/22 15:30,->,2021/9/22 15:10,352
339,2021/9/24 16:50,->,2021/9/24 15:10,320
340,2021/9/24 14:30,->,2021/9/24 16:00,327
341,2021/9/24 14:30,->,2021/9/21 16:20,349
342,2021/9/24 16:20,->,2021/9/24 16:50,339
343,2021/9/21 14:10,->,2021/9/24 14:00,323
344,2021/9/24 15:40,->,2021/9/24 15:10,347
345,2021/9/21 15:30,->,2021/9/22 15:40,350
346,2021/9/21 16:20,->,2021/9/21 15:30,345
347,2021/9/24 15:10,->,2021/9/24 15:40,344
348,2021/9/21 15:30,->,2021/9/21 14:30,360
349,2021/9/21 16:20,->,2021/9/24 14:30,341
350,2021/9/22 15:40,->,2021/9/21 14:10,343
351,2021/9/24 15:00,->,2021/9/24 14:00,353
352,2021/9/22 15:10,->,2021/9/22 15:30,338
353,2021/9/24 14:00,->,2021/9/22 14:00,362
354,2021/9/24 16:40,->,2021/9/21 16:20,356
355,2021/9/24 14:00,->,2021/9/21 15:30,348
356,2021/9/21 16:20,->,2021/9/24 16:20,364
357,2021/9/21 15:40,->,2021/9/24 16:50,366
358,2021/9/22 15:50,->,2021/9/21 15:40,361
359,2021/9/24 15:00,->,2021/9/24 16:40,354
360,2021/9/21 14:30,->,2021/9/24 14:00,355
361,2021/9/21 15:40,->,2021/9/22 15:50,358
362,2021/9/22 14:00,->,2021/9/24 15:00,351
363,2021/9/24 14:40,->,2021/9/21 15:50,370
364,2021/9/24 16:20,->,2021/9/24 14:30,369
365,2021/9/21 16:30,->,2021/9/21 15:40,357
366,2021/9/24 16:50,->,2021/9/21 16:30,365
367,2021/9/22 15:10,->,2021/9/22 14:20,371
368,2021/9/21 14:40,->,2021/9/24 14:40,363
369,2021/9/24 14:30,->,2021/9/24 15:00,359
370,2021/9/21 15:50,->,2021/9/21 14:40,368
371,2021/9/22 14:20,->,2021/9/21 16:00,380
372,2021/9/21 15:20,->,2021/9/22 15:30,375
373,2021/9/24 15:00,->,2021/9/22 14:50,392
374,2021/9/24 14:00,->,2021/9/24 16:10,393
375,2021/9/22 15:30,->,2021/9/24 15:20,386
376,2021/9/24 14:50,->,2021/9/24 15:30,381
377,2021/9/22 15:30,->,2021/9/22 15:50,395
378,2021/9/22 14:40,->,2021/9/21 15:20,372
379,2021/9/22 14:20,->,2021/9/22 15:30,388
380,2021/9/21 16:00,->,2021/9/22 15:10,367
381,2021/9/24 15:30,->,2021/9/24 14:50,376
382,2021/9/24 15:30,->,2021/9/24 15:00,373
383,2021/9/21 15:50,->,2021/9/24 15:30,382
384,2021/9/24 14:30,->,2021/9/21 16:00,389
385,2021/9/22 16:00,->,2021/9/21 14:00,391
386,2021/9/24 15:20,->,2021/9/22 14:40,378
387,2021/9/24 16:00,->,2021/9/24 16:20,397
388,2021/9/22 15:30,->,2021/9/21 15:40,396
389,2021/9/21 16:00,->,2021/9/24 14:30,384
390,2021/9/24 14:00,->,2021/9/24 16:50,394
391,2021/9/21 14:00,->,2021/9/22 14:40,404
392,2021/9/22 14:50,->,2021/9/21 15:50,383
393,2021/9/24 16:10,->,2021/9/24 14:00,374
394,2021/9/24 16:50,->,2021/9/22 16:00,385
395,2021/9/22 15:50,->,2021/9/22 15:30,377
396,2021/9/21 15:40,->,2021/9/22 14:20,379
397,2021/9/24 16:20,->,2021/9/24 16:00,387
398,2021/9/22 16:40,->,2021/9/24 15:40,402
399,2021/9/22 16:50,->,2021/9/21 16:30,403
400,2021/9/21 16:50,->,2021/9/22 16:40,398
401,2021/9/24 16:40,->,2021/9/22 14:20,405
402,2021/9/24 15:40,->,2021/9/22 16:50,399
403,2021/9/21 16:30,->,2021/9/21 16:50,400
404,2021/9/22 14:40,->,2021/9/24 14:00,390
405,2021/9/22 14:20,->,2021/9/21 16:50,407
406,2021/9/21 16:50,->,2021/9/22 16:40,413
407,2021/9/21 16:50,->,2021/9/24 16:40,401
408,2021/9/24 15:20,->,2021/9/21 16:10,415
409,2021/9/22 15:20,->,2021/9/24 15:20,408
410,2021/9/21 14:30,->,2021/9/24 14:40,417
411,2021/9/24 16:40,->,2021/9/24 14:00,414
412,2021/9/22 15:50,->,2021/9/21 16:30,425
413,2021/9/22 16:40,->,2021/9/21 16:50,406
414,2021/9/24 14:00,->,2021/9/24 16:40,411
415,2021/9/21 16:10,->,2021/9/24 16:40,422
416,2021/9/24 16:30,->,2021/9/24 16:40,427
417,2021/9/24 14:40,->,2021/9/22 15:40,419
418,2021/9/22 15:20,->,2021/9/24 15:30,429
419,2021/9/22 15:40,->,2021/9/22 15:50,412
420,2021/9/24 14:20,->,2021/9/22 15:20,418
421,2021/9/22 14:20,->,2021/9/21 14:20,424
422,2021/9/24 16:40,->,2021/9/22 15:20,409
423,2021/9/21 16:20,->,2021/9/21 15:20,435
424,2021/9/21 14:20,->,2021/9/22 14:50,428
425,2021/9/21 16:30,->,2021/9/21 14:30,410
426,2021/9/22 15:20,->,2021/9/22 14:20,421
427,2021/9/24 16:40,->,2021/9/24 16:30,416
428,2021/9/22 14:50,->,2021/9/22 15:20,426
429,2021/9/24 15:30,->,2021/9/24 14:20,420
430,2021/9/22 15:00,->,2021/9/21 16:20,423
431,2021/9/21 16:30,->,2021/9/21 15:30,440
432,2021/9/21 15:00,->,2021/9/24 15:10,433
433,2021/9/24 15:10,->,2021/9/24 14:40,434
434,2021/9/24 14:40,->,2021/9/21 16:20,454
435,2021/9/21 15:20,->,2021/9/24 15:40,451
436,2021/9/22 15:00,->,2021/9/24 16:30,438
437,2021/9/24 15:10,->,2021/9/24 16:00,447
438,2021/9/24 16:30,->,2021/9/22 15:00,436
439,2021/9/21 14:40,->,2021/9/21 15:00,432
440,2021/9/21 15:30,->,2021/9/22 15:40,450
441,2021/9/24 15:30,->,2021/9/22 14:40,444
442,2021/9/22 16:50,->,2021/9/22 16:00,445
443,2021/9/22 16:10,->,2021/9/21 14:30,448
444,2021/9/22 14:40,->,2021/9/24 15:30,441
445,2021/9/22 16:00,->,2021/9/22 16:10,443
446,2021/9/22 16:00,->,2021/9/24 15:20,465
447,2021/9/24 16:00,->,2021/9/24 15:10,437
448,2021/9/21 14:30,->,2021/9/22 16:50,442
449,2021/9/24 16:00,->,2021/9/21 16:40,457
450,2021/9/22 15:40,->,2021/9/21 16:30,431
451,2021/9/24 15:40,->,2021/9/22 15:00,430
452,2021/9/21 16:10,->,2021/9/24 14:30,460
453,2021/9/24 15:40,->,2021/9/22 16:00,446
454,2021/9/21 16:20,->,2021/9/21 14:40,439
455,2021/9/24 16:50,->,2021/9/21 16:10,452
456,2021/9/24 16:50,->,2021/9/22 14:20,477
457,2021/9/21 16:40,->,2021/9/21 15:10,469
458,2021/9/24 16:30,->,2021/9/22 16:30,461
459,2021/9/24 14:30,->,2021/9/21 16:20,462
460,2021/9/24 14:30,->,2021/9/22 16:00,472
461,2021/9/22 16:30,->,2021/9/21 14:10,463
462,2021/9/21 16:20,->,2021/9/24 16:30,458
463,2021/9/21 14:10,->,2021/9/22 16:00,464
464,2021/9/22 16:00,->,2021/9/24 14:30,459
465,2021/9/24 15:20,->,2021/9/24 16:00,449
466,2021/9/21 15:00,->,2021/9/22 15:20,483
467,2021/9/24 14:40,->,2021/9/24 16:40,473
468,2021/9/21 16:30,->,2021/9/24 14:40,467
469,2021/9/21 15:10,->,2021/9/24 15:40,453
470,2021/9/24 14:20,->,2021/9/21 14:10,480
471,2021/9/21 14:20,->,2021/9/22 15:40,476
472,2021/9/22 16:00,->,2021/9/24 16:50,455
473,2021/9/24 16:40,->,2021/9/21 16:30,468
474,2021/9/24 16:10,->,2021/9/24 14:50,479
475,2021/9/22 16:50,->,2021/9/24 16:50,456
476,2021/9/22 15:40,->,2021/9/21 14:20,471
477,2021/9/22 14:20,->,2021/9/22 16:50,475
478,2021/9/24 16:10,->,2021/9/21 16:10,485
479,2021/9/24 14:50,->,2021/9/24 16:10,474
480,2021/9/21 14:10,->,2021/9/24 16:30,508
481,2021/9/21 14:40,->,2021/9/24 16:00,487
482,2021/9/22 16:50,->,2021/9/21 14:00,490
483,2021/9/22 15:20,->,2021/9/21 15:00,466
484,2021/9/24 16:40,->,2021/9/21 16:20,504
485,2021/9/21 16:10,->,2021/9/22 14:10,488
486,2021/9/24 16:10,->,2021/9/21 14:40,481
487,2021/9/24 16:00,->,2021/9/21 16:10,498
488,2021/9/22 14:10,->,2021/9/24 16:10,478
489,2021/9/22 14:50,->,2021/9/24 14:20,470
490,2021/9/21 14:00,->,2021/9/22 16:50,482
491,2021/9/22 14:00,->,2021/9/21 15:40,497
492,2021/9/22 16:40,->,2021/9/24 16:10,495
493,2021/9/21 14:20,->,2021/9/22 14:10,509
494,2021/9/22 14:10,->,2021/9/24 16:40,484
495,2021/9/24 16:10,->,2021/9/24 15:00,501
496,2021/9/21 14:30,->,2021/9/22 16:40,492
497,2021/9/21 15:40,->,2021/9/22 14:00,491
498,2021/9/21 16:10,->,2021/9/24 16:10,486
499,2021/9/24 14:30,->,2021/9/22 16:40,505
500,2021/9/21 16:50,->,2021/9/21 14:30,496
501,2021/9/24 15:00,->,2021/9/21 16:50,500
502,2021/9/24 15:00,->,2021/9/24 16:20,503
503,2021/9/24 16:20,->,2021/9/24 14:30,499
504,2021/9/21 16:20,->,2021/9/22 14:10,494
505,2021/9/22 16:40,->,2021/9/21 14:00,510
506,2021/9/24 14:10,->,2021/9/24 16:30,529
507,2021/9/21 16:50,->,2021/9/22 14:30,512
508,2021/9/24 16:30,->,2021/9/22 14:50,489
509,2021/9/22 14:10,->,2021/9/24 15:00,502
510,2021/9/21 14:00,->,2021/9/21 14:20,493
511,2021/9/21 16:40,->,2021/9/22 14:00,520
512,2021/9/22 14:30,->,2021/9/21 14:00,513
513,2021/9/21 14:00,->,2021/9/21 16:50,507
514,2021/9/24 15:50,->,2021/9/24 16:00,517
515,2021/9/21 14:50,->,2021/9/21 15:10,525
516,2021/9/21 14:00,->,2021/9/21 16:10,528
517,2021/9/24 16:00,->,2021/9/21 14:00,516
518,2021/9/22 14:30,->,2021/9/24 15:50,514
519,2021/9/22 16:10,->,2021/9/21 16:10,545
520,2021/9/22 14:00,->,2021/9/24 14:10,506
521,2021/9/24 14:50,->,2021/9/24 14:40,533
522,2021/9/24 16:10,->,2021/9/24 15:40,527
523,2021/9/22 14:20,->,2021/9/22 16:40,531
524,2021/9/21 15:50,->,2021/9/22 15:50,530
525,2021/9/21 15:10,->,2021/9/21 14:50,515
526,2021/9/22 15:10,->,2021/9/24 14:50,521
527,2021/9/24 15:40,->,2021/9/24 16:10,522
528,2021/9/21 16:10,->,2021/9/22 14:30,518
529,2021/9/24 16:30,->,2021/9/21 16:40,511
530,2021/9/22 15:50,->,2021/9/24 15:30,546
531,2021/9/22 16:40,->,2021/9/21 15:50,524
532,2021/9/21 15:40,->,2021/9/22 14:50,536
533,2021/9/24 14:40,->,2021/9/22 15:10,526
534,2021/9/21 16:20,->,2021/9/21 15:40,532
535,2021/9/24 15:00,->,2021/9/22 14:20,523
536,2021/9/22 14:50,->,2021/9/22 15:10,539
537,2021/9/22 16:20,->,2021/9/21 16:20,534
538,2021/9/22 16:20,->,2021/9/22 14:20,542
539,2021/9/22 15:10,->,2021/9/22 16:20,537
540,2021/9/22 16:00,->,2021/9/21 15:40,559
541,2021/9/22 15:00,->,2021/9/22 14:00,543
542,2021/9/22 14:20,->,2021/9/22 15:00,541
543,2021/9/22 14:00,->,2021/9/24 16:30,556
544,2021/9/21 16:20,->,2021/9/24 16:50,551
545,2021/9/21 16:10,->,2021/9/22 16:10,519
546,2021/9/24 15:30,->,2021/9/24 15:00,535
547,2021/9/22 15:20,->,2021/9/24 15:00,557
548,2021/9/22 15:20,->,2021/9/24 16:10,553
549,2021/9/21 16:40,->,2021/9/21 16:20,544
550,2021/9/22 15:30,->,2021/9/22 15:50,558
551,2021/9/24 16:50,->,2021/9/21 16:40,549
552,2021/9/21 14:00,->,2021/9/22 14:30,560
553,2021/9/24 16:10,->,2021/9/21 14:00,552
554,2021/9/22 16:50,->,2021/9/21 15:20,564
555,2021/9/22 15:10,->,2021/9/21 14:30,562
556,2021/9/24 16:30,->,2021/9/22 16:20,538
557,2021/9/24 15:00,->,2021/9/22 15:20,547
558,2021/9/22 15:50,->,2021/9/21 15:00,563
559,2021/9/21 15:40,->,2021/9/22 16:00,540
560,2021/9/22 14:30,->,2021/9/22 15:20,548
561,2021/9/24 16:10,->,2021/9/24 15:30,567
562,2021/9/21 14:30,->,2021/9/21 14:20,568
563,2021/9/21 15:00,->,2021/9/22 15:30,550
564,2021/9/21 15:20,->,2021/9/24 16:40,566
565,2021/9/22 15:40,->,2021/9/21 16:30,590
566,2021/9/24 16:40,->,2021/9/22 16:50,554
567,2021/9/24 15:30,->,2021/9/24 16:10,561
568,2021/9/21 14:20,->,2021/9/22 15:10,555
569,2021/9/24 16:00,->,2021/9/24 14:40,570
570,2021/9/24 14:40,->,2021/9/24 16:00,569
571,2021/9/22 14:00,->,2021/9/22 14:50,573
572,2021/9/21 15:10,->,2021/9/21 15:50,577
573,2021/9/22 14:50,->,2021/9/21 15:10,572
574,2021/9/24 15:50,->,2021/9/24 16:00,594
575,2021/9/21 15:10,->,2021/9/24 16:30,579
576,2021/9/21 14:10,->,2021/9/24 14:10,580
577,2021/9/21 15:50,->,2021/9/22 14:00,571
578,2021/9/24 15:50,->,2021/9/22 16:40,588
579,2021/9/24 16:30,->,2021/9/21 15:10,575
580,2021/9/24 14:10,->,2021/9/21 14:10,576
581,2021/9/22 14:20,->,2021/9/21 14:00,607
582,2021/9/21 15:40,->,2021/9/24 15:40,585
583,2021/9/22 16:20,->,2021/9/21 14:30,584
584,2021/9/21 14:30,->,2021/9/24 15:50,574
585,2021/9/24 15:40,->,2021/9/21 15:50,591
586,2021/9/21 14:50,->,2021/9/21 14:20,596
587,2021/9/22 14:50,->,2021/9/24 15:50,578
588,2021/9/22 16:40,->,2021/9/22 14:50,587
589,2021/9/21 14:50,->,2021/9/21 15:40,603
590,2021/9/21 16:30,->,2021/9/22 15:40,565
591,2021/9/21 15:50,->,2021/9/21 15:40,582
592,2021/9/21 14:50,->,2021/9/24 14:40,605
593,2021/9/24 15:20,->,2021/9/22 16:00,598
594,2021/9/24 16:00,->,2021/9/22 15:20,595
595,2021/9/22 15:20,->,2021/9/22 16:20,583
596,2021/9/21 14:20,->,2021/9/22 14:20,581
597,2021/9/22 15:50,->,2021/9/21 14:50,592
598,2021/9/22 16:00,->,2021/9/21 16:20,600
599,2021/9/21 15:20,->,2021/9/22 15:40,604
600,2021/9/21 16:20,->,2021/9/21 15:20,609
601,2021/9/21 14:10,->,2021/9/22 14:10,610
602,2021/9/22 16:00,->,2021/9/24 14:30,612
603,2021/9/21 15:40,->,2021/9/21 14:50,589
604,2021/9/22 15:40,->,2021/9/22 15:20,608
605,2021/9/24 14:40,->,2021/9/22 15:50,597
606,2021/9/24 15:30,->,2021/9/24 14:00,613
607,2021/9/21 14:00,->,2021/9/21 14:50,586
608,2021/9/22 15:20,->,2021/9/21 15:20,599
609,2021/9/21 15:20,->,2021/9/24 15:20,593
610,2021/9/22 14:10,->,2021/9/24 16:00,611
611,2021/9/24 16:00,->,2021/9/21 14:10,601
612,2021/9/24 14:30,->,2021/9/22 16:00,602
613,2021/9/24 14:00,->,2021/9/21 16:00,621
614,2021/9/21 15:50,->,2021/9/24 16:40,617
615,2021/9/21 15:40,->,2021/9/22 15:20,622
616,2021/9/21 14:40,->,2021/9/22 15:40,618
617,2021/9/24 16:40,->,2021/9/21 14:40,616
618,2021/9/22 15:40,->,2021/9/22 16:40,624
619,2021/9/24 16:50,->,2021/9/21 14:00,640
620,2021/9/24 16:10,->,2021/9/24 14:00,627
621,2021/9/21 16:00,->,2021/9/24 15:30,606
622,2021/9/22 15:20,->,2021/9/21 15:40,615
623,2021/9/24 15:10,->,2021/9/21 14:20,636
624,2021/9/22 16:40,->,2021/9/21 15:50,614
625,2021/9/24 16:00,->,2021/9/24 16:20,626
626,2021/9/24 16:20,->,2021/9/24 16:00,625
627,2021/9/24 14:00,->,2021/9/24 15:10,623
628,2021/9/22 15:00,->,2021/9/21 15:10,629
629,2021/9/21 15:10,->,2021/9/21 14:10,631
630,2021/9/22 14:30,->,2021/9/21 16:00,637
631,2021/9/21 14:10,->,2021/9/22 14:30,630
632,2021/9/22 16:00,->,2021/9/22 14:20,633
633,2021/9/22 14:20,->,2021/9/21 14:40,641
634,2021/9/21 15:10,->,2021/9/22 16:00,632
635,2021/9/24 14:00,->,2021/9/21 16:40,646
636,2021/9/21 14:20,->,2021/9/24 16:10,620
637,2021/9/21 16:00,->,2021/9/22 15:00,628
638,2021/9/22 14:40,->,2021/9/24 14:30,639
639,2021/9/24 14:30,->,2021/9/21 15:50,654
640,2021/9/21 14:00,->,2021/9/24 16:50,619
641,2021/9/21 14:40,->,2021/9/21 15:10,634
642,2021/9/24 15:30,->,2021/9/22 14:40,638
643,2021/9/24 15:30,->,2021/9/22 14:40,656
644,2021/9/21 14:50,->,2021/9/24 16:20,650
645,2021/9/22 16:50,->,2021/9/24 14:30,648
646,2021/9/21 16:40,->,2021/9/24 14:00,635
647,2021/9/22 15:50,->,2021/9/24 14:40,659
648,2021/9/24 14:30,->,2021/9/22 16:50,645
649,2021/9/21 15:00,->,2021/9/24 15:30,642
650,2021/9/24 16:20,->,2021/9/21 14:50,644
651,2021/9/24 14:30,->,2021/9/21 16:20,652
652,2021/9/21 16:20,->,2021/9/24 15:30,643
653,2021/9/21 15:10,->,2021/9/24 16:10,655
654,2021/9/21 15:50,->,2021/9/21 15:00,649
655,2021/9/24 16:10,->,2021/9/24 15:10,657
656,2021/9/22 14:40,->,2021/9/24 14:30,651
657,2021/9/24 15:10,->,2021/9/24 14:30,662
658,2021/9/22 14:10,->,2021/9/21 15:00,678
659,2021/9/24 14:40,->,2021/9/22 15:50,647
660,2021/9/21 14:20,->,2021/9/22 16:10,667
661,2021/9/22 14:30,->,2021/9/24 15:10,683
662,2021/9/24 14:30,->,2021/9/21 15:10,653
663,2021/9/22 15:10,->,2021/9/22 14:10,658
664,2021/9/22 15:20,->,2021/9/24 15:20,673
665,2021/9/21 15:10,->,2021/9/21 14:20,660
666,2021/9/24 16:40,->,2021/9/22 15:30,686
667,2021/9/22 16:10,->,2021/9/22 15:20,676
668,2021/9/22 16:10,->,2021/9/24 15:20,674
669,2021/9/22 14:10,->,2021/9/21 14:20,672
670,2021/9/21 16:00,->,2021/9/24 15:00,687
671,2021/9/22 14:30,->,2021/9/22 16:10,668
672,2021/9/21 14:20,->,2021/9/22 14:10,669
673,2021/9/24 15:20,->,2021/9/22 14:30,661
674,2021/9/24 15:20,->,2021/9/22 14:30,671
675,2021/9/22 14:40,->,2021/9/21 16:20,680
676,2021/9/22 15:20,->,2021/9/21 15:10,665
677,2021/9/22 15:20,->,2021/9/24 15:00,691
678,2021/9/21 15:00,->,2021/9/22 15:20,664
679,2021/9/22 16:10,->,2021/9/24 14:30,682
680,2021/9/21 16:20,->,2021/9/22 16:10,679
681,2021/9/21 15:50,->,2021/9/22 16:10,685
682,2021/9/24 14:30,->,2021/9/22 14:40,675
683,2021/9/24 15:10,->,2021/9/22 15:10,663
684,2021/9/24 16:20,->,2021/9/22 16:10,693
685,2021/9/22 16:10,->,2021/9/21 15:50,681
686,2021/9/22 15:30,->,2021/9/24 16:40,666
687,2021/9/24 15:00,->,2021/9/21 16:00,670
688,2021/9/22 16:20,->,2021/9/21 15:40,694
689,2021/9/22 16:50,->,2021/9/24 16:20,684
690,2021/9/24 15:50,->,2021/9/22 15:20,677
691,2021/9/24 15:00,->,2021/9/24 15:50,690
692,2021/9/24 15:20,->,2021/9/24 14:20,698
693,2021/9/22 16:10,->,2021/9/22 16:50,689
694,2021/9/21 15:40,->,2021/9/22 16:20,688
695,2021/9/21 14:40,->,2021/9/21 16:00,696
696,2021/9/21 16:00,->,2021/9/24 16:20,700
697,2021/9/22 15:10,->,2021/9/21 16:50,699
698,2021/9/24 14:20,->,2021/9/21 16:10,707
699,2021/9/21 16:50,->,2021/9/21 14:50,701
700,2021/9/24 16:20,->,2021/9/21 14:40,695
701,2021/9/21 14:50,->,2021/9/22 15:10,697
702,2021/9/24 16:50,->,2021/9/21 16:40,709
703,2021/9/22 14:20,->,2021/9/24 16:50,702
704,2021/9/21 16:30,->,2021/9/21 15:30,712
705,2021/9/24 16:20,->,2021/9/22 14:20,703
706,2021/9/24 14:20,->,2021/9/21 15:50,721
707,2021/9/21 16:10,->,2021/9/24 15:20,692
708,2021/9/24 15:10,->,2021/9/21 14:10,716
709,2021/9/21 16:40,->,2021/9/24 16:20,705
710,2021/9/21 16:10,->,2021/9/22 15:10,719
711,2021/9/24 14:00,->,2021/9/24 14:10,718
712,2021/9/21 15:30,->,2021/9/22 14:30,715
713,2021/9/21 15:50,->,2021/9/24 14:30,720
714,2021/9/21 16:50,->,2021/9/24 14:20,706
715,2021/9/22 14:30,->,2021/9/21 16:30,704
716,2021/9/21 14:10,->,2021/9/24 15:10,708
717,2021/9/21 15:00,->,2021/9/21 15:10,743
718,2021/9/24 14:10,->,2021/9/24 14:00,711
719,2021/9/22 15:10,->,2021/9/21 15:50,713
720,2021/9/24 14:30,->,2021/9/21 16:10,710
721,2021/9/21 15:50,->,2021/9/24 16:40,735
722,2021/9/24 14:40,->,2021/9/22 16:30,725
723,2021/9/24 15:10,->,2021/9/22 15:00,736
724,2021/9/22 15:20,->,2021/9/21 16:50,714
725,2021/9/22 16:30,->,2021/9/24 15:40,733
726,2021/9/21 16:50,->,2021/9/22 15:30,731
727,2021/9/21 15:20,->,2021/9/24 14:00,732
728,2021/9/21 14:40,->,2021/9/24 14:00,745
729,2021/9/22 14:20,->,2021/9/21 14:40,728
730,2021/9/22 15:40,->,2021/9/24 15:00,760
731,2021/9/22 15:30,->,2021/9/21 15:20,727
732,2021/9/24 14:00,->,2021/9/21 14:30,739
733,2021/9/24 15:40,->,2021/9/24 14:40,722
734,2021/9/22 15:40,->,2021/9/22 16:50,747
735,2021/9/24 16:40,->,2021/9/22 15:20,724
736,2021/9/22 15:00,->,2021/9/24 15:10,723
737,2021/9/24 14:40,->,2021/9/24 15:20,746
738,2021/9/22 14:00,->,2021/9/22 15:40,730
739,2021/9/21 14:30,->,2021/9/21 16:50,726
740,2021/9/21 14:50,->,2021/9/21 15:00,717
741,2021/9/21 14:30,->,2021/9/24 16:50,750
742,2021/9/24 16:00,->,2021/9/21 14:40,755
743,2021/9/21 15:10,->,2021/9/21 14:50,740
744,2021/9/22 15:00,->,2021/9/22 14:00,738
745,2021/9/24 14:00,->,2021/9/22 14:20,729
746,2021/9/24 15:20,->,2021/9/22 15:00,744
747,2021/9/22 16:50,->,2021/9/22 15:40,734
748,2021/9/22 14:20,->,2021/9/24 14:40,754
749,2021/9/21 16:00,->,2021/9/22 15:00,751
750,2021/9/24 16:50,->,2021/9/21 14:30,741
751,2021/9/22 15:00,->,2021/9/24 14:50,753
752,2021/9/24 16:50,->,2021/9/21 16:00,749
753,2021/9/24 14:50,->,2021/9/24 16:50,752
754,2021/9/24 14:40,->,2021/9/22 14:20,748
755,2021/9/21 14:40,->,2021/9/22 15:40,761
756,2021/9/22 15:40,->,2021/9/24 16:50,757
757,2021/9/24 16:50,->,2021/9/22 15:40,756
758,2021/9/22 15:20,->,2021/9/22 14:10,759
759,2021/9/22 14:10,->,2021/9/22 15:20,758
760,2021/9/24 15:00,->,2021/9/24 14:40,737
761,2021/9/22 15:40,->,2021/9/22 14:40,762
762,2021/9/22 14:40,->,2021/9/24 15:40,768
763,2021/9/22 16:40,->,2021/9/22 15:50,772
764,2021/9/22 14:50,->,2021/9/22 14:00,778
765,2021/9/24 16:00,->,2021/9/24 15:20,767
766,2021/9/24 14:00,->,2021/9/22 14:30,784
767,2021/9/24 15:20,->,2021/9/22 14:50,776
768,2021/9/24 15:40,->,2021/9/24 16:00,742
769,2021/9/21 14:00,->,2021/9/22 15:20,775
770,2021/9/21 16:00,->,2021/9/22 15:20,771
771,2021/9/22 15:20,->,2021/9/24 16:20,774
772,2021/9/22 15:50,->,2021/9/22 16:40,763
773,2021/9/22 15:40,->,2021/9/24 16:30,795
774,2021/9/24 16:20,->,2021/9/22 14:50,764
775,2021/9/22 15:20,->,2021/9/24 16:20,777
776,2021/9/22 14:50,->,2021/9/24 16:00,765
777,2021/9/24 16:20,->,2021/9/24 14:50,781
778,2021/9/22 14:00,->,2021/9/21 14:20,783
779,2021/9/21 14:40,->,2021/9/21 14:00,769
780,2021/9/22 15:40,->,2021/9/21 14:00,798
781,2021/9/24 14:50,->,2021/9/21 14:40,779
782,2021/9/22 14:50,->,2021/9/21 15:30,799
783,2021/9/21 14:20,->,2021/9/21 16:00,770
784,2021/9/22 14:30,->,2021/9/22 14:10,800
785,2021/9/21 14:00,->,2021/9/24 15:20,791
786,2021/9/24 14:50,->,2021/9/24 14:00,766
787,2021/9/22 16:40,->,2021/9/21 15:40,794
788,2021/9/22 15:00,->,no match,
789,2021/9/24 14:10,->,2021/9/24 14:50,797
790,2021/9/24 14:00,->,no match,
791,2021/9/24 15:20,->,2021/9/22 16:40,787
792,2021/9/24 14:00,->,2021/9/22 15:00,793
793,2021/9/22 15:00,->,2021/9/24 14:00,792
794,2021/9/21 15:40,->,2021/9/21 14:00,785
795,2021/9/24 16:30,->,2021/9/22 15:40,773
796,2021/9/24 15:00,->,no match,
797,2021/9/24 14:50,->,2021/9/24 14:10,789
798,2021/9/21 14:00,->,2021/9/22 15:40,780
799,2021/9/21 15:30,->,2021/9/24 14:50,786
800,2021/9/22 14:10,->,2021/9/22 14:50,782
end,,,,